"La influencia del clima en la propagación","Descubre cómo el tiempo afecta las comunicaciones por radio"
"Proyectos DIY fáciles para radioaficionados","Ideas simples que puedes construir tú mismo en casa"
"La importancia del registro de tus contactos","Lleva un control eficiente y útil de tus comunicaciones globales"
"Innovaciones recientes en equipos portátiles","Los últimos avances que facilitan operar desde cualquier lugar"
"Cómo participar en redes de emergencia local","Pasos para integrarte en actividades de protección civil mediante radio"
"Conoce las bandas permitidas en tu país","Información clave sobre las frecuencias legales según la normativa local"
"La colaboración internacional en radioafición","Historias donde la cooperación traspasa fronteras gracias a la radio"
"Cursos gratuitos sobre tecnología y radioafición online","Recursos formativos accesibles para todos los niveles"
"Mujeres destacadas en el mundo de la radioafición","Reconociendo el rol femenino dentro del hobby tecnológico"
"Radioescucha como puerta a la radioafición","Un primer paso sencillo para enamorarte del mundo radial"
"Diferencias entre antenas verticales y horizontales","Aspectos clave para elegir el modelo ideal según tus necesidades"
"La relación entre drones y comunicación por radio","Cómo se combinan estas tecnologías emergentes actualmente"
"Convocatorias y eventos importantes de Ondahertz","Mantente informado sobre encuentros clave del sector"
